,name,type,color,pattern,fabric,size,x,y
0,Abstract_Frond_Print_Skirt/img_00000013.jpg,pleated,white,geometric,knitted,mini,15.891173,27.352285
1,Abstract_Mandala_Print_Skirt/img_00000022.jpg,pleated,red,plain,general,mini,16.713531,26.878788
2,Abstract_Print_Maxi_Skirt/img_00000006.jpg,straight,red,tie_dyed,general,maxi,17.74379,21.701464
3,Abstract_Print_Maxi_Skirt/img_00000042.jpg,pleated,blue,paisley,general,maxi,17.08405,25.025524
4,Abstract_Print_Pleated_Skirt/img_00000016.jpg,pleated,black,tie_dyed,general,mini,15.124163,26.32917
5,Abstract_Sequined_Skirt/img_00000028.jpg,straight,gray,animal_print,general,mini,15.480156,21.970024
6,Abstract_Striped_Bodycon_Skirt/img_00000013.jpg,skewed,black,striped,general,midi,19.445475,19.665493
7,Abstract_Striped_Bodycon_Skirt/img_00000016.jpg,straight,black,striped,general,mini,15.779643,22.468056
8,Acid_Wash_Denim_Skirt/img_00000008.jpg,straight,blue,tie_dyed,denim,midi,17.231796,20.683262
9,Acid_Wash_Denim_Skirt/img_00000012.jpg,straight,gray,plain,denim,mini,16.318434,21.262094
10,Acid_Wash_Denim_Skirt/img_00000024.jpg,pleated,blue,tie_dyed,denim,midi,17.312866,20.725346
11,Acid_Wash_Denim_Skirt/img_00000028.jpg,pleated,blue,plain,denim,mini,17.344652,26.880545
12,Acid_Washed_Denim_Skater_Skirt/img_00000024.jpg,pleated,blue,plain,general,mini,17.073778,26.788734
13,Acid_Washed_Denim_Skater_Skirt/img_00000058.jpg,pleated,blue,plain,denim,mini,17.316284,26.871572
14,Acid_Washed_Denim_Skater_Skirt/img_00000059.jpg,pleated,gray,tie_dyed,denim,mini,16.542574,20.925848
15,Asymmetric_Rope-Textured_Skirt/img_00000032.jpg,skewed,red,plain,general,mini,16.886349,26.507833
16,Asymmetrical_Pencil_Skirt/img_00000004.jpg,straight,black,plain,leather,mini,14.93267,21.075167
17,Asymmetrical_Pencil_Skirt/img_00000015.jpg,skewed,black,plain,general,midi,18.483639,23.502829
18,Asymmetrical_Pencil_Skirt/img_00000027.jpg,straight,black,plain,leather,mini,14.871417,21.149298
19,Asymmetrical_Pencil_Skirt/img_00000041.jpg,skewed,blue,plain,general,mini,17.356905,26.527246
20,Asymmetrical_Pencil_Skirt/img_00000043.jpg,skewed,black,plain,general,maxi,18.103327,25.542141
21,Athletic-Striped_Pencil_Skirt/img_00000004.jpg,straight,blue,striped,general,midi,19.351196,20.29718
22,Athletic-Striped_Pencil_Skirt/img_00000030.jpg,straight,pink,striped,general,midi,19.366003,20.179056
23,Athletic-Striped_Pencil_Skirt/img_00000037.jpg,skewed,beige,striped,general,midi,18.698425,23.181955
24,Athletic-Striped_Pencil_Skirt/img_00000041.jpg,straight,black,geometric,general,mini,15.064005,22.308044
25,Athletic-Striped_Pencil_Skirt/img_00000051.jpg,straight,black,plain,denim,mini,15.528383,21.21748
26,Baroque_Mesh_Overlay_Skirt/img_00000026.jpg,pleated,black,paisley,general,mini,15.307117,25.97326
27,Baroque_Pattern_Skater_Skirt/img_00000003.jpg,pleated,blue,floral,general,mini,16.30651,24.616514
28,Baroque_Pattern_Skater_Skirt/img_00000032.jpg,pleated,white,plain,general,mini,16.175348,27.298502
29,Baroque_Pattern_Skater_Skirt/img_00000051.jpg,pleated,black,plain,general,mini,14.982474,26.339544
30,Basic_Striped_Mini_Skirt/img_00000010.jpg,straight,purple,striped,general,mini,16.004658,22.33956
31,Basic_Striped_Mini_Skirt/img_00000017.jpg,straight,black,striped,general,mini,15.680104,22.340517
32,Basic_Striped_Mini_Skirt/img_00000035.jpg,pleated,white,striped,general,mini,15.606983,27.133419
33,Beaded_Baroque-Patterned_Skirt/img_00000009.jpg,straight,beige,paisley,general,mini,14.943822,22.075563
34,Beaded_Chiffon_Mini_Skirt/img_00000004.jpg,straight,black,striped,knitted,mini,15.658074,22.410378
35,Beaded_Trim_Mini_Skirt/img_00000003.jpg,straight,blue,checked,knitted,mini,16.165195,21.132324
36,Beaded_Trim_Mini_Skirt/img_00000033.jpg,straight,beige,paisley,lace,mini,15.546874,20.326195
37,Belted_Polka_Dot_Skirt/img_00000026.jpg,pleated,black,polka_dot,general,mini,15.233228,25.972319
38,Belted_Polka_Dot_Skirt/img_00000033.jpg,pleated,black,polka_dot,general,mini,15.188507,25.880077
39,Bohemian_Floral_Mini_Skirt/img_00000019.jpg,pleated,blue,floral,general,mini,16.056753,24.719181
40,Box-Pleated_Gingham_Skirt/img_00000047.jpg,pleated,white,plain,general,midi,18.113493,24.170666
41,Box-Pleated_Rose_Print_Skirt/img_00000025.jpg,pleated,black,striped,general,mini,15.443185,26.339708
42,Box-Pleated_Rose_Print_Skirt/img_00000035.jpg,pleated,blue,animal_print,general,midi,18.888384,22.160145
43,Box-Pleated_Rose_Print_Skirt/img_00000040.jpg,straight,black,floral,general,mini,15.383401,22.874054
44,Box-Pleated_Rose_Print_Skirt/img_00000056.jpg,pleated,black,paisley,general,mini,15.287526,25.982645
45,Box_Pleat_A-Line_Skirt/img_00000002.jpg,pleated,pink,plain,general,midi,17.94906,24.224941
46,Box_Pleat_A-Line_Skirt/img_00000005.jpg,pleated,black,checked,general,midi,17.516811,23.739857
47,Box_Pleat_A-Line_Skirt/img_00000039.jpg,pleated,blue,plain,general,mini,17.007204,26.897
48,Box_Pleat_A-Line_Skirt/img_00000047.jpg,pleated,green,plain,general,mini,16.580544,26.977411
49,Butterfly_Print_Scuba_Knit_Skirt/img_00000045.jpg,straight,beige,animal_print,general,midi,18.28729,20.358286
50,Butterfly_Print_Scuba_Knit_Skirt/img_00000048.jpg,straight,pink,plain,general,mini,16.074188,21.675632
51,Button-Front_Floral_Mini_Skirt/img_00000004.jpg,pleated,blue,plain,denim,mini,17.330452,26.857243
52,Button-Front_Floral_Mini_Skirt/img_00000016.jpg,straight,white,floral,general,midi,19.151983,20.627333
53,Button-Front_Floral_Mini_Skirt/img_00000045.jpg,straight,pink,plain,general,mini,15.955435,21.661118
54,Button-Front_Mini_Skirt/img_00000008.jpg,pleated,black,plain,general,mini,15.0458355,26.689493
55,Button-Front_Mini_Skirt/img_00000011.jpg,straight,white,plain,general,mini,15.795085,21.377037
56,Button-Front_Pocket_Skirt/img_00000024.jpg,straight,blue,plain,denim,mini,16.632902,21.282957
57,Buttoned_Daisy_Print_Skirt/img_00000008.jpg,straight,white,floral,general,maxi,18.683428,21.092705
58,Buttoned_Daisy_Print_Skirt/img_00000012.jpg,pleated,yellow,floral,lace,mini,15.568643,25.149393
59,Buttoned_Daisy_Print_Skirt/img_00000017.jpg,pleated,black,floral,general,mini,15.422194,24.744715
60,Buttoned_Daisy_Print_Skirt/img_00000039.jpg,straight,black,floral,general,mini,15.24563,23.180124
61,Buttoned_Denim_Pencil_Skirt/img_00000023.jpg,skewed,blue,plain,denim,midi,17.410326,20.591835
62,Buttoned_Denim_Skirt/img_00000044.jpg,straight,blue,plain,denim,mini,16.737268,21.272243
63,Buttoned_Knee-Length_Skirt/img_00000013.jpg,skewed,brown,plain,general,maxi,18.21084,25.614773
64,Buttoned_Polka_Dot_Maxi_Skirt/img_00000006.jpg,pleated,black,polka_dot,general,maxi,15.51986,25.825968
65,Buttoned_Polka_Dot_Maxi_Skirt/img_00000023.jpg,straight,black,polka_dot,general,midi,18.610664,19.598976
66,Buttoned_Polka_Dot_Maxi_Skirt/img_00000031.jpg,straight,blue,polka_dot,lace,maxi,16.780977,18.869062
67,Buttoned_Rose_Print_Skirt/img_00000020.jpg,pleated,black,floral,general,mini,15.528182,24.90533
68,Cable-Knit_Pencil_Skirt/img_00000017.jpg,straight,gray,plain,knitted,midi,18.404451,19.913244
69,Cable-Knit_Pencil_Skirt/img_00000034.jpg,straight,red,plain,knitted,midi,18.42257,20.061794
70,Chiffon_Suspender_Midi_Skirt/img_00000003.jpg,pleated,beige,plain,general,midi,18.130777,24.211927
71,Classic_Fold-Over_Maxi_Skirt/img_00000009.jpg,straight,gray,plain,general,maxi,17.136185,21.666206
72,Classic_Knit_Pencil_Skirt/img_00000001.jpg,straight,gray,geometric,general,midi,19.827816,20.82168
73,Classic_Knit_Pencil_Skirt/img_00000030.jpg,straight,black,plain,general,midi,18.507948,19.711174
74,Classic_Knit_Pencil_Skirt/img_00000048.jpg,straight,black,plain,general,midi,18.409678,19.889023
75,Classic_Mini_Skirt/img_00000017.jpg,straight,beige,plain,velvet,mini,15.660682,20.525333
76,Classic_Mini_Skirt/img_00000025.jpg,pleated,red,checked,general,mini,16.5044,26.30649
77,Classic_Pencil_Skirt/img_00000063.jpg,skewed,black,plain,leather,midi,18.883852,23.671614
78,Classic_Scuba_Knit_Skirt/img_00000001.jpg,pleated,black,plain,general,mini,15.041251,26.612509
79,Classic_Skater_Skirt/img_00000023.jpg,pleated,black,plain,general,mini,15.263021,26.387825
80,Clustered_Floral_Print_Skater_Skirt/img_00000002.jpg,pleated,black,floral,general,mini,15.38921,24.94953
81,Clustered_Floral_Print_Skater_Skirt/img_00000009.jpg,pleated,black,floral,general,mini,15.499829,24.712168
82,Contrast_Mesh_Pencil_Skirt/img_00000005.jpg,straight,white,plain,general,midi,18.844843,20.320887
83,Contrast_Mesh_Pencil_Skirt/img_00000019.jpg,straight,black,plain,lace,midi,17.600344,19.496717
84,Contrast_Mesh_Pencil_Skirt/img_00000046.jpg,straight,black,plain,general,mini,15.538568,21.965906
85,Contrast_Mesh_Pencil_Skirt/img_00000061.jpg,straight,black,striped,general,midi,19.388693,19.567627
86,Contrast_Mesh_Pencil_Skirt/img_00000066.jpg,straight,gray,geometric,general,midi,19.81068,20.868412
87,Crepe-Woven_Pleated_Skirt/img_00000016.jpg,pleated,beige,plain,general,mini,16.256823,26.868618
88,Crepe-Woven_Pleated_Skirt/img_00000018.jpg,pleated,gray,plain,general,mini,16.064402,26.700918
89,Crepe_Midi_Skirt/img_00000027.jpg,pleated,purple,plain,general,midi,18.13448,24.302824
90,Crepe_Midi_Skirt/img_00000046.jpg,straight,black,plain,general,midi,18.239594,19.880886
91,Crepe_Midi_Skirt/img_00000050.jpg,straight,black,animal_print,general,mini,15.373412,22.29121
92,Crepe_Midi_Skirt/img_00000056.jpg,pleated,white,floral,lace,midi,16.966837,23.415009
93,Crepe_Pencil_Skirt/img_00000009.jpg,pleated,orange,plain,general,midi,17.935343,24.129196
94,Crepe_Pencil_Skirt/img_00000026.jpg,straight,blue,plain,general,midi,17.991436,20.397139
95,Crepe_Pencil_Skirt/img_00000047.jpg,skewed,beige,plain,general,midi,18.523005,23.60796
96,Crepe_Woven_Skater_Skirt/img_00000010.jpg,pleated,beige,plain,general,mini,16.43952,26.981117
97,Crepe_Woven_Skater_Skirt/img_00000024.jpg,pleated,black,plain,general,mini,14.843883,26.506903
98,Crepe_Woven_Skater_Skirt/img_00000040.jpg,pleated,red,plain,general,mini,16.88183,26.652237
99,Crepe_Woven_Skater_Skirt/img_00000058.jpg,pleated,white,plain,general,mini,16.06986,27.296402
100,Crinkled_Gauze_Skirt/img_00000010.jpg,pleated,black,animal_print,general,maxi,15.612198,25.866438
101,Crinkled_Gauze_Skirt/img_00000025.jpg,pleated,black,paisley,general,midi,17.56827,23.845839
102,Crochet-Paneled_Crepe_Maxi_Skirt/img_00000011.jpg,straight,white,plain,lace,midi,17.191708,19.609747
103,Crochet_Lace_Midi_Skirt/img_00000009.jpg,straight,pink,floral,lace,midi,16.797695,19.101213
104,Crochet_Lace_Midi_Skirt/img_00000013.jpg,pleated,white,geometric,lace,midi,17.08794,23.164469
105,Crochet_Lace_Midi_Skirt/img_00000058.jpg,straight,green,polka_dot,lace,midi,17.267843,19.203327
106,Crochet_Pencil_Skirt/img_00000010.jpg,straight,black,plain,lace,midi,17.519749,19.60956
107,Crochet_Pencil_Skirt/img_00000018.jpg,straight,white,floral,lace,mini,16.196896,19.688242
108,Crochet_Pencil_Skirt/img_00000065.jpg,straight,yellow,animal_print,lace,mini,15.663927,20.709478
109,Crocheted_Tie-Dye_Maxi_Skirt/img_00000011.jpg,pleated,white,tie_dyed,general,maxi,17.159927,24.788298
110,Crocheted_Tie-Dye_Maxi_Skirt/img_00000021.jpg,pleated,brown,tie_dyed,general,midi,18.456814,22.834717
111,Denim_A-Line_Skirt/img_00000018.jpg,pleated,blue,plain,denim,midi,17.382023,20.69956
112,Denim_Mini_Skirt/img_00000001.jpg,straight,blue,plain,denim,mini,16.83327,21.178509
113,Denim_Mini_Skirt/img_00000004.jpg,straight,gray,tie_dyed,denim,mini,16.595613,21.005568
114,Denim_Mini_Skirt/img_00000057.jpg,straight,blue,tie_dyed,denim,mini,16.712534,21.111082
115,Denim_Pencil_Skirt/img_00000048.jpg,straight,blue,plain,denim,midi,17.439152,20.586014
116,Denim_Skater_Skirt/img_00000017.jpg,pleated,blue,plain,denim,mini,17.3137,26.84538
117,Denim_Skater_Skirt/img_00000068.jpg,pleated,blue,plain,general,mini,17.050226,26.904678
118,Destinations_Graphic_Heathered_Skirt/img_00000003.jpg,straight,gray,plain,general,mini,15.845326,21.716848
119,Destinations_Graphic_Heathered_Skirt/img_00000016.jpg,straight,pink,plain,general,maxi,17.405447,21.545563
120,Distressed_Denim_Mini_Skirt/img_00000019.jpg,straight,blue,tie_dyed,denim,mini,16.711107,21.089203
121,Ditsy_Floral_Skater_Skirt/img_00000012.jpg,pleated,pink,floral,general,mini,15.8276005,24.933731
122,Ditsy_Floral_Skater_Skirt/img_00000023.jpg,straight,blue,floral,general,mini,15.423035,23.14149
123,Ditsy_Floral_Skater_Skirt/img_00000029.jpg,pleated,blue,floral,general,midi,16.793291,24.142756
124,Ditsy_Floral_Skater_Skirt/img_00000050.jpg,pleated,blue,floral,general,mini,16.19854,24.763756
125,Ditsy_Floral_Skater_Skirt/img_00000055.jpg,pleated,blue,floral,general,mini,16.25374,24.737722
126,Dotted_A-Line_Skirt/img_00000034.jpg,straight,yellow,plain,general,midi,18.561935,20.205511
127,Dotted_Tulle_Maxi_Skirt/img_00000004.jpg,pleated,pink,plain,general,maxi,17.298456,25.516697
128,Dotted_Tulle_Maxi_Skirt/img_00000021.jpg,pleated,white,geometric,lace,maxi,17.037079,23.219284
129,Dotted_Tulle_Maxi_Skirt/img_00000040.jpg,pleated,blue,plain,general,maxi,17.477926,25.688532
130,Embroidered_Crochet_Pencil_Skirt/img_00000005.jpg,straight,pink,floral,lace,midi,16.930513,19.03952
131,Embroidered_Crochet_Pencil_Skirt/img_00000010.jpg,straight,black,plain,lace,midi,17.549809,19.548574
132,Embroidered_Crochet_Pencil_Skirt/img_00000022.jpg,straight,blue,plain,lace,midi,17.396973,19.780495
133,Embroidered_Crochet_Pencil_Skirt/img_00000024.jpg,straight,beige,geometric,lace,midi,17.22983,19.093409
134,Embroidered_Crochet_Pencil_Skirt/img_00000051.jpg,straight,beige,plain,lace,mini,15.528571,20.315
135,Embroidered_Faux_Leather_Pencil_Skirt/img_00000011.jpg,pleated,beige,polka_dot,lace,mini,15.849345,25.833027
136,Embroidered_Faux_Leather_Pencil_Skirt/img_00000018.jpg,pleated,black,plain,general,midi,17.998087,24.189133
137,Embroidered_Faux_Leather_Pencil_Skirt/img_00000021.jpg,straight,black,plain,leather,mini,15.061152,21.065649
138,Embroidered_Faux_Leather_Pencil_Skirt/img_00000022.jpg,straight,green,plain,general,midi,18.458399,20.32987
139,Embroidered_Mini_Skirt/img_00000005.jpg,straight,black,geometric,general,mini,15.14894,22.466625
140,Embroidered_Mini_Skirt/img_00000007.jpg,straight,black,plain,general,mini,15.589453,21.54285
141,Embroidered_Mini_Skirt/img_00000033.jpg,straight,green,geometric,general,mini,14.951631,22.44479
142,Embroidered_Mini_Skirt/img_00000073.jpg,straight,blue,paisley,lace,mini,15.711628,20.180523
143,Embroidered_Organza_Skirt/img_00000001.jpg,pleated,orange,floral,general,midi,17.145405,23.972229
144,Embroidered_Polka_Dot_Skirt/img_00000017.jpg,pleated,black,polka_dot,general,midi,17.416826,23.804827
145,Everyday_Gathered_Mini_Skirt/img_00000003.jpg,straight,gray,plain,general,mini,15.967851,21.628857
146,Everyday_Maxi_Skirt/img_00000016.jpg,straight,pink,striped,knitted,maxi,17.956902,21.247797
147,Eyelash_Lace_Skirt/img_00000005.jpg,pleated,black,floral,lace,mini,15.289236,25.116964
148,Eyelash_Lace_Skirt/img_00000013.jpg,pleated,black,plain,lace,midi,17.475313,19.812687
149,Eyelash_Lace_Skirt/img_00000016.jpg,straight,black,plain,lace,midi,17.74662,19.456255
150,Eyelet_Lace_Bodycon_Skirt/img_00000007.jpg,straight,white,plain,leather,mini,14.970526,20.919952
151,Faux_Leather_A-Line_Skirt/img_00000066.jpg,pleated,gray,plain,leather,midi,14.151475,26.199928
152,Faux_Leather_Flared_Skirt/img_00000067.jpg,pleated,black,plain,leather,mini,14.47887,26.508982
153,Faux_Leather_Fringe_Skirt/img_00000036.jpg,skewed,brown,plain,leather,midi,18.926538,23.616383
154,Faux_Leather_Midi_Pencil_Skirt/img_00000042.jpg,straight,black,striped,lace,midi,19.134415,19.509766
155,Faux_Leather_Mini_Skirt/img_00000011.jpg,pleated,black,plain,general,mini,15.042749,26.526054
156,Faux_Leather_Mini_Skirt/img_00000048.jpg,straight,black,plain,leather,mini,15.205082,21.353207
157,Faux_Leather_Skater_Skirt/img_00000005.jpg,pleated,black,plain,leather,mini,14.329151,26.595058
158,Faux_Leather_Skater_Skirt/img_00000012.jpg,pleated,black,plain,leather,maxi,14.267985,26.4552
159,Faux_Leather_Skater_Skirt/img_00000059.jpg,pleated,black,plain,leather,mini,14.3482065,26.517263
160,Faux_Leather_Zippered_Skirt/img_00000002.jpg,straight,black,plain,leather,mini,15.070164,21.139069
161,Faux_Leather_Zippered_Skirt/img_00000030.jpg,straight,black,plain,leather,mini,15.181527,21.238167
162,Faux_Leather_Zippered_Skirt/img_00000041.jpg,skewed,white,plain,leather,mini,14.849095,20.904316
163,Faux_Leather_Zippered_Skirt/img_00000043.jpg,pleated,black,plain,leather,mini,14.382172,26.551308
164,Faux_Leather_Zippered_Skirt/img_00000052.jpg,straight,brown,plain,leather,mini,14.9489155,21.034885
165,Faux_Leather_Zippered_Skirt/img_00000055.jpg,straight,black,plain,leather,mini,15.013724,21.08158
166,Flatfront_Denim_Skirt/img_00000049.jpg,straight,blue,plain,denim,midi,17.496702,20.553577
167,Floral-Paneled_Mini_Skirt/img_00000008.jpg,straight,red,floral,general,mini,15.374731,23.033968
168,Floral-Paneled_Mini_Skirt/img_00000011.jpg,pleated,black,plain,general,mini,15.003604,26.498604
169,Floral-Paneled_Mini_Skirt/img_00000014.jpg,pleated,black,floral,general,mini,15.290985,25.278383
170,Floral_A-Line_Midi_Skirt/img_00000029.jpg,pleated,blue,floral,general,midi,16.831087,24.120981
171,Floral_A-Line_Midi_Skirt/img_00000036.jpg,pleated,black,floral,general,mini,15.214562,25.24231
172,Floral_Lace_A-Line_Skirt/img_00000013.jpg,pleated,black,plain,leather,midi,14.173582,26.403957
173,Floral_Lace_Faux_Leather_Skirt/img_00000014.jpg,straight,white,plain,general,mini,15.788879,21.750626
174,Floral_Lace_Faux_Leather_Skirt/img_00000031.jpg,straight,black,plain,leather,mini,15.112304,21.257483
175,Floral_Lace_Faux_Leather_Skirt/img_00000035.jpg,straight,white,floral,general,mini,15.488904,22.968527
176,Floral_Lace_Mini_Skirt/img_00000016.jpg,pleated,beige,plain,lace,mini,16.071646,26.866096
177,Floral_Lace_Mini_Skirt/img_00000017.jpg,pleated,white,checked,lace,mini,15.770632,27.248163
178,Floral_Lace_Mini_Skirt/img_00000039.jpg,straight,white,plain,lace,mini,15.979604,20.033817
179,Floral_Lace_Mini_Skirt/img_00000057.jpg,straight,white,plain,lace,mini,15.860371,20.138247
180,Floral_Lace_Mini_Skirt/img_00000060.jpg,straight,white,floral,lace,mini,16.110811,19.74455
181,Floral_Lace_Pencil_Skirt/img_00000007.jpg,straight,pink,floral,general,midi,18.932312,20.620256
182,Floral_Lace_Skater_Skirt/img_00000020.jpg,pleated,white,plain,general,mini,15.987672,27.320705
183,Floral_Lace_Skater_Skirt/img_00000056.jpg,pleated,white,geometric,knitted,mini,15.860256,27.33516
184,Floral_Lace_Twirly_Skirt/img_00000010.jpg,pleated,pink,floral,lace,mini,15.677877,25.071556
185,Floral_Lace_Twirly_Skirt/img_00000012.jpg,pleated,blue,plain,general,mini,17.139156,26.668978
186,Floral_Lace_Twirly_Skirt/img_00000025.jpg,pleated,purple,floral,lace,mini,15.503242,25.120419
187,Floral_Lace_Twirly_Skirt/img_00000031.jpg,straight,white,plain,general,mini,15.852587,21.593647
188,Floral_Print_A-Line_Skirt/img_00000024.jpg,pleated,orange,floral,general,midi,17.03854,24.02464
189,Floral_Print_A-Line_Skirt/img_00000039.jpg,pleated,blue,floral,general,maxi,16.603298,24.674803
190,Floral_Print_A-Line_Skirt/img_00000065.jpg,straight,blue,floral,general,mini,15.475147,23.281248
191,Floral_Print_Crepe_Skirt/img_00000013.jpg,straight,blue,animal_print,knitted,mini,16.284452,21.089495
192,Floral_Print_Crepe_Skirt/img_00000015.jpg,straight,black,floral,general,mini,15.3140745,22.915903
193,Floral_Print_Crepe_Skirt/img_00000021.jpg,straight,yellow,floral,general,midi,19.056631,20.478117
194,Floral_Print_Crepe_Skirt/img_00000023.jpg,straight,white,floral,general,midi,18.952177,20.584177
195,Floral_Print_Crepe_Skirt/img_00000034.jpg,straight,black,plain,general,midi,18.7341,19.759878
196,Floral_Print_Crepe_Skirt/img_00000043.jpg,pleated,white,floral,general,maxi,16.86289,24.615412
197,Floral_Print_Crepe_Skirt/img_00000047.jpg,straight,brown,animal_print,general,midi,18.28295,19.829636
198,Floral_Print_Skater_Skirt/img_00000006.jpg,pleated,black,floral,general,mini,15.581315,24.963938
199,Floral_Print_Skater_Skirt/img_00000022.jpg,pleated,beige,floral,general,mini,15.853843,24.707645
200,Floral_Scuba_Knit_Skirt/img_00000019.jpg,straight,black,floral,general,midi,18.97603,19.691015
201,Floral_Scuba_Knit_Skirt/img_00000047.jpg,pleated,black,floral,general,mini,15.360987,25.096582
202,Floral_Stripe_Midi_Skirt/img_00000013.jpg,skewed,red,floral,general,midi,17.787788,23.621025
203,Floral_Stripe_Midi_Skirt/img_00000017.jpg,pleated,black,floral,general,midi,17.24824,23.83194
204,Floral_Stripe_Midi_Skirt/img_00000041.jpg,pleated,blue,striped,general,midi,19.204891,21.72995
205,Floral_Stripe_Midi_Skirt/img_00000050.jpg,straight,black,striped,general,midi,19.210026,19.561995
206,Floral_Stripe_Midi_Skirt/img_00000061.jpg,pleated,blue,plain,velvet,midi,18.02504,22.394913
207,Floral_Tulle_Maxi_Skirt/img_00000011.jpg,pleated,pink,plain,general,maxi,17.389057,25.50136
208,Floral_Tulle_Maxi_Skirt/img_00000015.jpg,pleated,blue,floral,general,maxi,16.605955,24.727211
209,Floral_Wrap-Front_Maxi_Skirt/img_00000027.jpg,skewed,gray,plain,general,maxi,18.159117,25.57673
210,Fluted_Faux_Leather-Trimmed_Skirt/img_00000021.jpg,straight,black,plain,general,mini,15.369991,21.604206
211,Fluted_Faux_Leather-Trimmed_Skirt/img_00000033.jpg,pleated,gray,checked,general,mini,15.98959,26.675802
212,Fluted_Polka_Dot_Skirt/img_00000002.jpg,skewed,pink,plain,general,midi,18.31495,23.800947
213,Fluted_Polka_Dot_Skirt/img_00000022.jpg,pleated,red,polka_dot,general,mini,16.46328,26.298244
214,Fluted_Polka_Dot_Skirt/img_00000027.jpg,pleated,black,geometric,general,midi,17.54733,23.721367
215,Fluted_Polka_Dot_Skirt/img_00000031.jpg,pleated,black,plain,general,mini,15.05104,26.26093
216,Fluted_Velvet_Skirt/img_00000010.jpg,pleated,black,plain,general,mini,15.014525,26.267078
217,Fluted_Velvet_Skirt/img_00000022.jpg,pleated,black,plain,general,mini,15.13314,26.156363
218,Folk_Print_Linen_Skirt/img_00000004.jpg,pleated,pink,floral,general,mini,15.817906,25.000742
219,Folk_Print_Linen_Skirt/img_00000012.jpg,pleated,red,geometric,general,mini,16.581675,26.356936
220,Front-Slit_Pencil_Skirt/img_00000007.jpg,straight,pink,plain,general,midi,18.35718,20.723356
221,Front-Slit_Pencil_Skirt/img_00000024.jpg,straight,red,plain,general,midi,18.438993,20.359291
222,Front-Slit_Pencil_Skirt/img_00000029.jpg,straight,black,plain,general,midi,18.489517,19.897675
223,Front-Slit_Pencil_Skirt/img_00000050.jpg,skewed,black,checked,general,midi,18.116024,23.357208
224,Front-Slit_Pencil_Skirt/img_00000069.jpg,straight,blue,plain,general,midi,17.985773,20.46052
225,Fuzzy_Plaid_Skirt/img_00000009.jpg,pleated,white,striped,general,mini,15.59915,27.088919
226,Gauze_Skater_Skirt/img_00000037.jpg,pleated,blue,geometric,general,mini,16.605963,25.929113
227,Geo_Striped_Mini_Skirt/img_00000020.jpg,pleated,black,striped,general,mini,15.409623,26.40669
228,Geo_Tribal_Print_A-Line_Skirt/img_00000002.jpg,pleated,black,floral,general,mini,15.404348,24.823341
229,Geo_Tribal_Print_A-Line_Skirt/img_00000031.jpg,pleated,orange,plain,general,midi,18.014902,24.198217
230,Grid_Print_Zippered_Skirt/img_00000041.jpg,skewed,gray,checked,general,midi,18.173717,23.444002
231,Heathered_Knit_Pencil_Skirt/img_00000010.jpg,straight,black,plain,general,midi,18.447674,19.518192
232,Heathered_Knit_Pencil_Skirt/img_00000033.jpg,straight,black,plain,denim,midi,17.935658,19.93146
233,Heathered_Knit_Skater_Skirt/img_00000016.jpg,pleated,purple,plain,general,mini,16.479395,27.203917
234,Heathered_Knit_Skater_Skirt/img_00000034.jpg,pleated,gray,plain,general,mini,16.11479,26.966408
235,High-Slit_Maxi_Skirt/img_00000014.jpg,skewed,white,plain,general,maxi,18.193733,25.576923
236,High-Slit_Maxi_Skirt/img_00000023.jpg,skewed,green,floral,general,maxi,18.13246,25.320425
237,High-Slit_Maxi_Skirt/img_00000047.jpg,pleated,gray,plain,general,maxi,17.475075,25.750433
238,High-Waisted_Denim_Pencil_Skirt/img_00000023.jpg,straight,blue,plain,denim,midi,17.463915,20.574703
239,High-Waisted_Denim_Pencil_Skirt/img_00000030.jpg,straight,gray,tie_dyed,denim,mini,16.606918,21.04873
240,High-Waisted_Denim_Skirt/img_00000019.jpg,straight,blue,plain,denim,midi,17.41696,20.56265
241,High-Waisted_Denim_Skirt/img_00000033.jpg,pleated,blue,plain,general,maxi,17.269482,25.558868
242,High_Slit_Midi_Skirt/img_00000023.jpg,pleated,white,striped,general,midi,19.363216,21.42245
243,High_Slit_Midi_Skirt/img_00000030.jpg,straight,beige,plain,general,midi,18.318949,20.501265
244,High_Slit_Midi_Skirt/img_00000065.jpg,straight,black,plain,general,midi,18.402788,19.699268
245,Ikat_Print_Mini_Skirt/img_00000036.jpg,straight,white,plain,general,mini,15.793591,21.490335
246,Kaleidoscope_Print_Mini_Skirt/img_00000005.jpg,straight,red,geometric,general,mini,15.0975895,22.626158
247,Knife-Pleated_Floral_Skirt/img_00000043.jpg,skewed,pink,floral,general,mini,15.871254,24.82543
248,Knit_Bandage_Skirt/img_00000009.jpg,straight,yellow,striped,general,mini,15.996842,22.328148
249,Knit_Bandage_Skirt/img_00000037.jpg,straight,purple,plain,general,mini,15.859893,21.728865
250,Knit_Bandage_Skirt/img_00000052.jpg,straight,pink,plain,general,midi,18.426546,20.665304
251,Knit_Bodycon_Skirt/img_00000033.jpg,straight,black,polka_dot,general,midi,18.585056,19.547182
252,Knit_Bodycon_Skirt/img_00000054.jpg,straight,black,plain,general,mini,15.497786,21.569624
253,Knit_Mini_Skirt/img_00000016.jpg,straight,orange,plain,general,mini,15.804515,21.668325
254,Knit_Mini_Skirt/img_00000034.jpg,straight,black,geometric,general,mini,15.05484,22.357027
255,Knit_Skater_Skirt/img_00000014.jpg,pleated,beige,striped,general,mini,15.430812,26.884562
256,Knit_Skater_Skirt/img_00000022.jpg,pleated,white,plain,general,mini,16.05726,27.318958
257,Knit_Skater_Skirt/img_00000029.jpg,pleated,red,plain,general,mini,16.546383,26.558207
258,Knit_Skater_Skirt/img_00000036.jpg,pleated,pink,animal_print,general,mini,16.226532,25.523703
259,Knit_Skater_Skirt/img_00000047.jpg,pleated,orange,plain,general,mini,16.60862,27.13914
260,Lace_A-Line_Skirt/img_00000037.jpg,pleated,blue,floral,lace,midi,16.844898,23.495771
261,Lace_A-Line_Skirt/img_00000039.jpg,pleated,black,geometric,lace,midi,17.318539,23.07257
262,Lace_A-Line_Skirt/img_00000045.jpg,straight,blue,floral,lace,maxi,16.750513,18.852383
263,Lace_Mini_Skirt/img_00000002.jpg,straight,black,plain,lace,mini,15.35967,20.772255
264,Lace_Mini_Skirt/img_00000005.jpg,pleated,green,floral,general,mini,15.6744175,24.66244
265,Lace_Mini_Skirt/img_00000024.jpg,straight,beige,plain,lace,mini,15.636108,20.362276
266,Lace_Mini_Skirt/img_00000027.jpg,straight,white,plain,lace,mini,15.960765,20.047167
267,Lace_Mini_Skirt/img_00000045.jpg,straight,white,geometric,lace,mini,16.075079,19.801409
268,Lace_Pencil_Skirt/img_00000002.jpg,straight,white,floral,lace,midi,16.941193,19.373688
269,Lace_Pencil_Skirt/img_00000003.jpg,straight,white,floral,lace,midi,16.895521,19.416254
270,Lace_Pencil_Skirt/img_00000006.jpg,straight,black,floral,lace,midi,17.322145,19.245571
271,Lace_Pencil_Skirt/img_00000014.jpg,straight,black,plain,lace,midi,17.621351,19.454134
272,Lace_Pencil_Skirt/img_00000035.jpg,straight,pink,floral,lace,midi,16.835033,19.086863
273,Lace_Pencil_Skirt/img_00000050.jpg,straight,white,geometric,lace,midi,16.956171,19.4061
274,Lace_Pencil_Skirt/img_00000057.jpg,straight,pink,floral,lace,midi,16.811357,19.161036
275,Lace_Pencil_Skirt/img_00000060.jpg,straight,black,geometric,lace,midi,17.440159,19.280998
276,Lace_Pencil_Skirt/img_00000067.jpg,straight,orange,paisley,lace,midi,17.179989,19.3784
277,Lace_Pencil_Skirt/img_00000068.jpg,straight,white,paisley,lace,midi,17.046406,19.47945
278,Lace_Print_Skirt/img_00000033.jpg,pleated,gray,paisley,lace,mini,15.886467,26.398737
279,Lace_Print_Skirt/img_00000069.jpg,straight,white,geometric,lace,mini,16.075583,19.835684
280,Lady_Lace_Mini_Skirt/img_00000006.jpg,straight,black,plain,general,mini,15.512135,21.512682
281,Leopard_Print_Skater_Skirt/img_00000021.jpg,straight,beige,animal_print,general,mini,15.179047,22.121557
282,Leopard_Print_Skater_Skirt/img_00000052.jpg,pleated,black,plain,general,mini,14.817577,26.478666
283,Leopard_Print_Skater_Skirt/img_00000077.jpg,pleated,brown,animal_print,general,mini,16.302244,26.009727
284,Life_in_Progress_Denim_Pencil_Skirt/img_00000018.jpg,straight,blue,plain,general,mini,16.152935,21.812899
285,Longline_Button-Front_Skirt/img_00000003.jpg,skewed,white,striped,general,midi,19.567745,20.393698
286,Longline_Button-Front_Skirt/img_00000029.jpg,skewed,black,geometric,general,midi,17.993332,23.500725
287,Longline_Button-Front_Skirt/img_00000034.jpg,straight,blue,checked,denim,midi,17.441525,20.562449
288,M-Slit_Knit_Maxi_Skirt/img_00000045.jpg,skewed,black,plain,general,maxi,18.199694,25.516098
289,M-Slit_Maxi_Skirt/img_00000016.jpg,pleated,green,plain,general,maxi,17.387678,25.652113
290,M-Slit_Maxi_Skirt/img_00000019.jpg,straight,red,plain,general,maxi,17.332638,21.574837
291,M-Slit_Maxi_Skirt/img_00000022.jpg,pleated,black,plain,general,maxi,17.26586,25.584734
292,M-Slit_Maxi_Skirt/img_00000046.jpg,skewed,black,floral,general,maxi,18.267427,25.45331
293,M-Slit_Maxi_Skirt/img_00000057.jpg,straight,red,plain,velvet,maxi,17.25368,21.598309
294,M-Slit_Maxi_Skirt/img_00000067.jpg,straight,blue,plain,general,maxi,17.421154,21.40883
295,M-Slit_Maxi_Skirt/img_00000070.jpg,skewed,blue,plain,general,maxi,18.011026,25.65934
296,M-Slit_Pleated_Maxi_Skirt/img_00000004.jpg,pleated,white,plain,general,maxi,17.364937,25.594954
297,M-Slit_Pleated_Maxi_Skirt/img_00000011.jpg,skewed,beige,plain,general,maxi,18.198242,25.549368
298,M-Slit_Pleated_Maxi_Skirt/img_00000012.jpg,skewed,gray,geometric,general,maxi,18.269285,25.4
299,M-Slit_Pleated_Maxi_Skirt/img_00000014.jpg,pleated,black,polka_dot,general,maxi,15.563394,25.807156
300,M-Slit_Pleated_Maxi_Skirt/img_00000035.jpg,straight,pink,floral,lace,maxi,16.767561,18.976896
301,Marled_Knit_Pencil_Skirt/img_00000042.jpg,straight,pink,plain,general,midi,18.348343,20.28856
302,Marled_Skater_Skirt/img_00000033.jpg,pleated,gray,plain,general,mini,16.015696,26.623486
303,Matelasse_Pencil_Skirt/img_00000013.jpg,straight,beige,plain,general,midi,18.355833,20.406647
304,Matelasse_Pencil_Skirt/img_00000053.jpg,straight,black,geometric,lace,midi,17.53911,19.268503
305,Matelasse_Stripe_Panel_Skirt/img_00000010.jpg,pleated,white,striped,general,mini,15.559918,27.0822
306,Matelasse_Stripe_Panel_Skirt/img_00000016.jpg,straight,black,plain,leather,mini,14.968264,21.109406
307,Matelasse_Stripe_Panel_Skirt/img_00000020.jpg,straight,gray,geometric,general,midi,19.786726,20.840387
308,Metallic_Brocade_Mini_Skirt/img_00000041.jpg,pleated,pink,plain,general,mini,16.173285,26.049673
309,Metallic_Brocade_Mini_Skirt/img_00000062.jpg,straight,brown,floral,general,mini,15.32532,22.99413
310,Metallic_Wrap_Skirt/img_00000020.jpg,straight,pink,geometric,lace,maxi,16.838871,18.888903
311,Metallic_Wrap_Skirt/img_00000029.jpg,pleated,gray,tie_dyed,general,midi,18.520985,22.792604
312,Metallic_Wrap_Skirt/img_00000051.jpg,pleated,beige,floral,general,midi,17.051355,24.122892
313,Mineral_Wash_Mini_Skirt/img_00000013.jpg,straight,blue,plain,general,mini,16.159828,21.749277
314,Mineral_Wash_Mini_Skirt/img_00000029.jpg,straight,beige,geometric,general,mini,14.942826,22.42753
315,Mineral_Wash_Pencil_Skirt/img_00000037.jpg,straight,gray,plain,general,maxi,17.050436,21.70621
316,Mixed_Paisley_Print_Maxi_Skirt/img_00000027.jpg,straight,blue,paisley,general,maxi,17.858517,21.602531
317,Mixed_Print_Maxi_Skirt/img_00000070.jpg,pleated,beige,floral,general,maxi,16.669918,24.699612
318,Must-Have_Slit_Maxi_Skirt/img_00000052.jpg,skewed,black,plain,general,maxi,18.215572,25.652393
319,Ornate_Paisley_Maxi_Skirt/img_00000001.jpg,pleated,orange,paisley,general,maxi,17.028894,25.116165
320,Ornate_Paisley_Maxi_Skirt/img_00000018.jpg,pleated,blue,paisley,general,maxi,17.098541,25.059011
321,Paint_It_Red_Marble_Print_Skirt/img_00000002.jpg,straight,white,plain,lace,midi,17.189539,19.648113
322,Paisley_Pattern_Pencil_Skirt/img_00000023.jpg,straight,purple,geometric,general,midi,19.75268,20.784943
323,Paisley_Pattern_Pencil_Skirt/img_00000033.jpg,straight,green,paisley,general,mini,14.987411,22.148737
324,Paisley_Pattern_Pencil_Skirt/img_00000056.jpg,straight,pink,geometric,general,midi,19.691744,20.792017
325,Paisley_Print_Maxi_Skirt/img_00000042.jpg,skewed,blue,paisley,general,maxi,17.652727,25.059797
326,Paisley_Print_Maxi_Skirt/img_00000068.jpg,straight,white,paisley,general,maxi,18.120975,21.635275
327,Pintucked_Mini_Skirt/img_00000026.jpg,straight,black,plain,general,mini,15.214437,21.46939
328,Pintucked_Mini_Skirt/img_00000032.jpg,pleated,green,plain,general,mini,16.575165,26.986591
329,Plaid_Flannel_Mini_Skirt/img_00000007.jpg,straight,red,checked,general,mini,15.598868,22.740797
330,Plaid_Flannel_Mini_Skirt/img_00000021.jpg,pleated,yellow,floral,general,mini,15.751933,24.764
331,Plaid_Flannel_Mini_Skirt/img_00000025.jpg,pleated,blue,floral,general,mini,16.13163,24.681921
332,Plaid_Flannel_Mini_Skirt/img_00000027.jpg,pleated,blue,checked,general,mini,16.796364,26.167946
333,Plaid_Skater_Skirt/img_00000063.jpg,pleated,red,checked,general,mini,16.474173,26.413898
334,Pleated_A-Line_Mini_Skirt/img_00000006.jpg,pleated,black,plain,general,mini,15.842777,26.548763
335,Pleated_A-Line_Mini_Skirt/img_00000017.jpg,pleated,red,plain,velvet,mini,16.74629,26.721767
336,Pleated_A-Line_Mini_Skirt/img_00000026.jpg,pleated,red,plain,general,mini,16.663551,26.540007
337,Pleated_A-Line_Mini_Skirt/img_00000028.jpg,pleated,black,plain,leather,mini,14.355165,26.549807
338,Pleated_A-Line_Mini_Skirt/img_00000058.jpg,straight,red,striped,general,mini,15.973646,22.51022
339,Pleated_A-Line_Mini_Skirt/img_00000059.jpg,pleated,pink,plain,leather,mini,14.427967,26.53956
340,Pleated_A-Line_Skirt/img_00000009.jpg,pleated,red,plain,general,mini,16.670742,26.667479
341,Pleated_A-Line_Skirt/img_00000060.jpg,pleated,beige,plain,general,midi,18.113964,24.123522
342,Pleated_A-Line_Skirt/img_00000077.jpg,pleated,black,geometric,general,mini,15.304635,25.482445
343,Pleated_A-Line_Skirt/img_00000078.jpg,straight,gray,plain,general,mini,16.04007,21.579218
344,Pleated_Chiffon_Skirt/img_00000025.jpg,pleated,beige,plain,general,maxi,17.420034,25.639915
345,Pleated_Chiffon_Skirt/img_00000057.jpg,pleated,pink,plain,general,midi,17.950445,24.215511
346,Pleated_Chiffon_Skirt/img_00000060.jpg,straight,black,plain,lace,mini,15.4033575,21.126423
347,Pleated_Faux_Leather_Skirt/img_00000042.jpg,pleated,black,plain,leather,mini,14.618768,26.58724
348,Pleated_Faux_Leather_Skirt/img_00000068.jpg,pleated,black,plain,leather,mini,14.419215,26.476248
349,Pleated_Floral_Plaid_Skirt/img_00000003.jpg,pleated,blue,polka_dot,general,mini,16.742046,26.142946
350,Pleated_Maxi_Skirt/img_00000002.jpg,straight,black,plain,general,maxi,17.08278,21.60589
351,Pleated_Maxi_Skirt/img_00000003.jpg,pleated,pink,plain,general,maxi,17.258352,25.48799
352,Pleated_Maxi_Skirt/img_00000018.jpg,pleated,yellow,plain,general,maxi,17.356583,25.659258
353,Pleated_Metallic_Skirt/img_00000005.jpg,pleated,pink,plain,leather,mini,14.425128,26.57556
354,Pleated_Metallic_Skirt/img_00000058.jpg,pleated,yellow,plain,general,mini,16.531086,26.99884
355,Pleated_Midi_Skirt/img_00000006.jpg,pleated,pink,plain,general,midi,18.053297,24.32124
356,Pleated_Midi_Skirt/img_00000010.jpg,pleated,red,plain,general,midi,18.141542,24.398531
357,Pleated_Midi_Skirt/img_00000011.jpg,pleated,pink,plain,general,midi,17.966854,24.291729
358,Pleated_Midi_Skirt/img_00000029.jpg,pleated,black,plain,general,midi,17.757648,24.01172
359,Pleated_Midi_Skirt/img_00000048.jpg,pleated,white,striped,leather,midi,19.304077,21.51415
360,Pleated_Overall_Skirt/img_00000017.jpg,pleated,gray,geometric,general,midi,19.878965,21.148796
361,Pleated_Paisley_Print_Skirt/img_00000010.jpg,pleated,orange,paisley,general,mini,15.87862,26.279028
362,Pleated_Paisley_Print_Skirt/img_00000023.jpg,pleated,black,floral,general,midi,17.174313,23.986937
363,Pleated_Paisley_Print_Skirt/img_00000050.jpg,pleated,beige,plain,general,mini,16.389614,27.069386
364,Pleated_Pinstripe_Skirt/img_00000049.jpg,pleated,blue,plain,general,mini,16.785711,26.823772
365,Pleated_Skater_Skirt/img_00000018.jpg,pleated,orange,plain,general,mini,16.518202,27.133278
366,Pleated_Skater_Skirt/img_00000035.jpg,pleated,blue,plain,general,mini,16.792044,26.883564
367,Pleated_Textured_Skirt/img_00000026.jpg,pleated,gray,plain,general,mini,16.172422,26.869217
368,Pleated_Windowpane_Skirt/img_00000040.jpg,pleated,black,checked,general,mini,15.223286,25.632732
369,Pleated_Windowpane_Skirt/img_00000042.jpg,straight,black,plain,lace,mini,15.421536,20.659304
370,Quilted_Faux_Leather_Skirt/img_00000005.jpg,pleated,black,plain,leather,midi,14.2030525,26.60166
371,Quilted_Faux_Leather_Skirt/img_00000012.jpg,pleated,black,geometric,leather,mini,14.435435,26.56267
372,Quilted_Faux_Leather_Skirt/img_00000037.jpg,straight,black,checked,leather,mini,14.918958,21.182787
373,Quilted_Faux_Leather_Trim_Skirt/img_00000006.jpg,skewed,black,plain,general,mini,15.168958,26.067984
374,Ribbed-Stripe_Organza_A-Line_Skirt/img_00000012.jpg,pleated,beige,striped,general,midi,19.185564,21.91094
375,Ribbed_Mini_Skirt/img_00000008.jpg,straight,red,plain,general,mini,15.903431,21.997969
376,Ribbed_Mini_Skirt/img_00000014.jpg,straight,black,plain,general,mini,15.505299,21.688324
377,Ribbed_Mini_Skirt/img_00000018.jpg,skewed,blue,plain,general,mini,17.322172,26.426332
378,Ribbed_Mini_Skirt/img_00000029.jpg,pleated,black,plain,general,mini,14.948279,26.374279
379,Ribbed_Mini_Skirt/img_00000033.jpg,straight,black,plain,general,mini,15.648048,21.70622
380,Ribbed_Stripe_Mini_Skirt/img_00000022.jpg,straight,blue,striped,general,mini,16.218462,22.184635
381,Ribbed_Stripe_Mini_Skirt/img_00000031.jpg,pleated,black,striped,general,mini,15.262161,26.709196
382,Ribbed_Stripe_Mini_Skirt/img_00000034.jpg,pleated,black,striped,general,mini,15.338743,26.663126
383,Ribbed_Stripe_Skirt/img_00000013.jpg,straight,black,striped,general,midi,19.298857,19.882803
384,Rose_Pattern_Skater_Skirt/img_00000001.jpg,pleated,red,geometric,general,mini,16.506418,26.253487
385,Rose_Print_Corduroy_Skater_Skirt/img_00000002.jpg,pleated,red,plain,velvet,mini,16.81966,26.799929
386,Rose_Print_Mini_Skirt/img_00000017.jpg,straight,black,floral,general,mini,15.309324,22.806263
387,Rose_Print_Pleated_Skirt/img_00000001.jpg,straight,white,floral,general,midi,18.989397,20.674715
388,Rose_Print_Pleated_Skirt/img_00000030.jpg,pleated,yellow,floral,general,mini,15.584444,24.762318
389,Rose_Print_Skater_Skirt/img_00000002.jpg,pleated,pink,paisley,general,mini,16.054392,25.573282
390,Rose_Print_Skater_Skirt/img_00000014.jpg,pleated,white,floral,general,midi,17.068073,23.89917
391,Rose_Print_Skater_Skirt/img_00000033.jpg,pleated,white,plain,general,mini,15.940255,27.166029
392,Rose_Print_Skirt/img_00000028.jpg,pleated,pink,floral,general,midi,17.121147,24.12908
393,Scallop_Lace_Pencil_Skirt/img_00000025.jpg,straight,blue,floral,lace,midi,16.842508,19.18482
394,Scallop_Lace_Pencil_Skirt/img_00000036.jpg,straight,white,plain,lace,midi,17.24819,19.5982
395,Scallop_Lace_Pencil_Skirt/img_00000049.jpg,straight,white,floral,general,midi,19.113039,20.498907
396,Scallop_Lace_Pencil_Skirt/img_00000050.jpg,straight,pink,geometric,lace,midi,17.09012,18.974455
397,Scalloped_Crochet_Skirt/img_00000028.jpg,straight,pink,floral,lace,mini,16.535364,19.17039
398,Scarf-Print_Pencil_Skirt/img_00000051.jpg,straight,yellow,plain,general,midi,18.65553,20.338993
399,Scarf-Print_Pencil_Skirt/img_00000067.jpg,straight,blue,floral,lace,midi,16.947231,19.131918
400,Scuba_Knit_Mini_Skirt/img_00000034.jpg,straight,black,floral,general,mini,15.282342,23.004362
401,Scuba_Knit_Pencil_Skirt/img_00000017.jpg,straight,blue,checked,general,midi,18.170626,20.531908
402,Scuba_Knit_Pencil_Skirt/img_00000038.jpg,straight,blue,tie_dyed,general,mini,16.49736,21.61715
403,Scuba_Knit_Pencil_Skirt/img_00000053.jpg,straight,black,plain,general,midi,18.239857,19.611858
404,Scuba_Knit_Skater_Skirt/img_00000040.jpg,pleated,pink,plain,general,mini,16.379734,25.64354
405,Self-Tie_Knit_Skirt/img_00000013.jpg,pleated,pink,floral,general,mini,15.826165,24.97671
406,Sequined_Geo-Embroidered_Mini_Skirt/img_00000004.jpg,straight,black,checked,general,mini,15.440911,22.265123
407,Sequined_Geo-Embroidered_Mini_Skirt/img_00000005.jpg,straight,black,geometric,general,mini,15.190979,22.53012
408,Sequined_Mini_Skirt/img_00000051.jpg,straight,brown,geometric,general,mini,15.0296955,22.551748
409,Sequined_Mini_Skirt/img_00000082.jpg,straight,yellow,animal_print,general,mini,15.397062,22.015755
410,Sequined_Tweed_Skirt/img_00000049.jpg,straight,orange,plain,general,midi,18.682957,20.34727
411,Sheer_Polka_Dot_Skirt/img_00000043.jpg,pleated,blue,polka_dot,general,mini,16.577953,25.923126
412,Sheer_Polka_Dot_Skirt/img_00000046.jpg,pleated,black,plain,leather,mini,14.295819,26.401869
413,Sheer_Polka_Dot_Skirt/img_00000062.jpg,pleated,brown,plain,general,mini,16.363714,27.115633
414,Shirred_Sateen_Maxi_Skirt/img_00000001.jpg,straight,gray,plain,velvet,mini,16.032543,21.43407
415,Shirred_Sateen_Maxi_Skirt/img_00000022.jpg,skewed,red,geometric,general,maxi,18.247257,25.41561
416,Shirred_Waist_Mini_Skirt/img_00000033.jpg,pleated,green,plain,general,mini,16.469418,27.034153
417,Shirred_Waist_Mini_Skirt/img_00000055.jpg,pleated,red,floral,general,mini,15.952929,25.190672
418,Side-Slit_Tie-Dye_Maxi_Skirt/img_00000027.jpg,straight,white,tie_dyed,general,maxi,18.145735,21.747358
419,Slit_Midi_Skirt/img_00000015.jpg,straight,white,plain,general,midi,18.808296,20.467337
420,Slit_Midi_Skirt/img_00000038.jpg,skewed,beige,plain,general,midi,18.558138,23.611158
421,Slit_Midi_Skirt/img_00000042.jpg,skewed,blue,plain,general,maxi,18.020102,25.643396
422,Slit_Midi_Skirt/img_00000047.jpg,skewed,black,plain,leather,midi,18.890032,23.677277
423,Smocked_Bandana_Print_Skirt/img_00000016.jpg,skewed,blue,paisley,general,midi,18.205408,23.410206
424,Smocked_Floral_Gauze_Skirt/img_00000007.jpg,pleated,pink,plain,general,mini,16.42594,25.695286
425,Smocked_Tie-Dye_Skirt/img_00000005.jpg,pleated,red,paisley,general,mini,16.40355,26.336037
426,Speckled_Pencil_Skirt/img_00000005.jpg,straight,black,plain,general,midi,18.051237,19.79384
427,Speckled_Pencil_Skirt/img_00000046.jpg,straight,black,floral,general,midi,18.839018,19.815685
428,Standout_Stripes_Mini_Skirt/img_00000025.jpg,pleated,white,striped,general,mini,15.687883,27.241692
429,Stretch-Knit_A-Line_Skirt/img_00000019.jpg,straight,black,striped,general,midi,19.116503,19.601677
430,Stretch-Knit_Maxi_Skirt/img_00000051.jpg,pleated,blue,plain,general,maxi,17.41436,25.651882
431,Stretch-Knit_Mini_Skirt/img_00000032.jpg,pleated,blue,plain,general,mini,17.107342,26.557878
432,Stretch-Knit_Mini_Skirt/img_00000042.jpg,straight,blue,plain,general,mini,16.461061,21.66426
433,Stretch-Knit_Mini_Skirt/img_00000052.jpg,straight,blue,plain,general,mini,16.28808,21.705727
434,Stretch-Knit_Pencil_Skirt/img_00000024.jpg,straight,black,striped,general,midi,19.42188,19.702093
435,Stretch-Knit_Pencil_Skirt/img_00000042.jpg,straight,gray,geometric,general,midi,19.802288,20.901098
436,Stretch_Knit_Pencil_Skirt/img_00000003.jpg,straight,blue,plain,general,midi,18.159332,20.479345
437,Stretch_Knit_Pencil_Skirt/img_00000007.jpg,straight,black,striped,general,midi,19.26106,19.563154
438,Stripe_Pencil_Skirt/img_00000027.jpg,straight,black,striped,general,midi,19.257746,19.563486
439,Striped_A-Line_Skirt/img_00000033.jpg,pleated,beige,striped,general,mini,15.435111,26.944508
440,Striped_A-Line_Skirt/img_00000045.jpg,pleated,black,striped,general,mini,15.328494,26.345665
441,Striped_A-Line_Skirt/img_00000066.jpg,pleated,blue,striped,lace,midi,19.053154,21.924501
442,Striped_Bodycon_Skirt/img_00000019.jpg,straight,black,striped,general,midi,19.400423,19.874405
443,Striped_Bodycon_Skirt/img_00000057.jpg,straight,white,striped,general,midi,19.42438,20.053713
444,Striped_Bodycon_Skirt/img_00000065.jpg,straight,white,striped,general,mini,16.126411,22.252974
445,Striped_Fold-Over_Maxi_Skirt/img_00000031.jpg,straight,blue,striped,general,maxi,17.863497,21.333054
446,Striped_Fold-Over_Maxi_Skirt/img_00000040.jpg,straight,black,striped,general,maxi,19.322292,19.698114
447,Striped_Fold-Over_Maxi_Skirt/img_00000058.jpg,pleated,black,striped,general,maxi,15.466489,26.14792
448,Striped_Midi_Skirt/img_00000002.jpg,pleated,red,striped,general,midi,19.260735,21.675997
449,Striped_Midi_Skirt/img_00000013.jpg,pleated,white,striped,general,midi,19.217855,21.445116
450,Striped_Midi_Skirt/img_00000015.jpg,straight,black,striped,general,midi,19.15802,19.690233
451,Striped_Midi_Skirt/img_00000035.jpg,straight,white,striped,general,midi,19.293575,20.36741
452,Striped_Midi_Skirt/img_00000038.jpg,pleated,black,striped,general,midi,19.13736,21.66457
453,Striped_Midi_Skirt/img_00000048.jpg,straight,blue,striped,general,midi,19.30737,20.296202
454,Striped_Midi_Skirt/img_00000068.jpg,pleated,blue,striped,general,midi,19.220156,21.715736
455,Striped_Pencil_Skirt/img_00000029.jpg,straight,white,striped,general,midi,19.321766,20.407784
456,Striped_Pencil_Skirt/img_00000038.jpg,straight,white,striped,general,midi,19.290924,20.381529
457,Striped_Pencil_Skirt/img_00000071.jpg,straight,white,striped,general,midi,19.340004,20.31431
458,Striped_Pleated_Skirt/img_00000042.jpg,pleated,white,striped,general,mini,15.582038,27.092838
459,Structured_Mesh_Skater_Skirt/img_00000027.jpg,straight,black,plain,general,mini,15.644495,21.785189
460,Structured_Mesh_Skater_Skirt/img_00000037.jpg,pleated,gray,plain,general,mini,16.182653,26.749825
461,Textured_Floral_Skater_Skirt/img_00000004.jpg,straight,black,floral,general,mini,15.333439,22.941349
462,Textured_Floral_Skater_Skirt/img_00000012.jpg,pleated,white,floral,general,mini,15.799648,24.664288
463,Textured_Floral_Skater_Skirt/img_00000024.jpg,pleated,red,plain,general,mini,16.754282,26.569735
464,Textured_Geo_Skater_Skirt/img_00000013.jpg,pleated,pink,plain,general,mini,16.59882,25.754396
465,Textured_Houndstooth_Skirt/img_00000026.jpg,straight,black,checked,general,midi,18.499111,19.458836
466,Textured_Midi_Skirt/img_00000056.jpg,straight,black,plain,general,midi,18.135511,19.55296
467,Textured_Midi_Skirt/img_00000057.jpg,straight,beige,plain,lace,midi,17.390448,19.644855
468,Textured_Pencil_Skirt/img_00000015.jpg,pleated,pink,geometric,general,midi,17.753626,24.126732
469,Textured_Pencil_Skirt/img_00000021.jpg,straight,green,plain,general,midi,18.60746,20.278824
470,Textured_Pencil_Skirt/img_00000059.jpg,straight,white,plain,general,midi,18.825844,20.36171
471,Textured_Pencil_Skirt/img_00000067.jpg,straight,brown,polka_dot,leather,midi,17.849619,19.305244
472,Textured_Stripe_Knit_Skirt/img_00000009.jpg,straight,brown,striped,general,mini,15.937953,22.448593
473,Tie_Dye_Pencil_Skirt/img_00000021.jpg,straight,black,striped,general,midi,19.381256,19.79344
474,Tie_Dye_Pencil_Skirt/img_00000023.jpg,straight,red,plain,general,midi,18.677752,20.434252
475,Tie_Dye_Pencil_Skirt/img_00000042.jpg,straight,white,camouflage,general,midi,19.278524,20.534721
476,Tie_Dye_Pencil_Skirt/img_00000049.jpg,straight,blue,plain,general,midi,17.985449,20.598164
477,Tie_Dye_Pencil_Skirt/img_00000054.jpg,straight,black,tie_dyed,velvet,mini,15.444719,22.413227
478,Tiered_Crochet_Mini_Skirt/img_00000062.jpg,pleated,black,plain,lace,mini,14.624614,26.09159
479,Tiered_Crochet_Mini_Skirt/img_00000066.jpg,straight,red,floral,lace,mini,16.188828,19.623732
480,Tiered_Floral_Maxi_Skirt/img_00000013.jpg,straight,pink,floral,general,maxi,18.250887,21.22092
481,Tiered_Floral_Maxi_Skirt/img_00000018.jpg,pleated,white,floral,general,midi,17.105461,23.89841
482,Tiered_Floral_Maxi_Skirt/img_00000038.jpg,pleated,red,floral,general,maxi,16.709446,24.697222
483,Tiered_Paisley_Skirt/img_00000034.jpg,pleated,blue,floral,general,maxi,16.726421,24.79246
484,Tiered_Paisley_Skirt/img_00000048.jpg,pleated,black,floral,general,midi,17.237389,23.93108
485,Tile_Print_Pencil_Skirt/img_00000018.jpg,straight,red,geometric,general,midi,19.744585,20.813572
486,Tribal_Print_A-Line_Skirt/img_00000017.jpg,pleated,black,geometric,general,mini,15.461116,25.91821
487,Tribal_Print_A-Line_Skirt/img_00000024.jpg,straight,brown,geometric,knitted,mini,15.18796,22.417536
488,Tribal_Print_A-Line_Skirt/img_00000031.jpg,pleated,pink,paisley,general,midi,17.791265,24.23416
489,Tribal_Print_A-Line_Skirt/img_00000033.jpg,pleated,black,geometric,general,midi,17.494411,23.81762
490,Tribal_Print_A-Line_Skirt/img_00000039.jpg,straight,black,polka_dot,general,midi,18.556374,19.57142
491,Tribal_Print_Skater_Skirt/img_00000004.jpg,pleated,red,geometric,general,mini,16.452381,26.285263
492,Tribal_Print_Skater_Skirt/img_00000033.jpg,straight,black,paisley,general,mini,15.234243,22.176025
493,Tulip-Front_Maxi_Skirt/img_00000019.jpg,straight,blue,striped,general,maxi,17.905228,21.323717
494,Tulle_Overlay_Maxi_Skirt/img_00000010.jpg,pleated,black,plain,lace,maxi,14.432362,25.911266
495,Tulle_Overlay_Maxi_Skirt/img_00000020.jpg,skewed,black,polka_dot,lace,mini,14.946144,25.616152
496,Vented_Pencil_Skirt/img_00000041.jpg,straight,brown,paisley,leather,midi,17.694235,19.318422
497,Victorian_Lace_Skirt/img_00000005.jpg,straight,black,plain,lace,midi,17.444086,19.510986
498,Victorian_Lace_Skirt/img_00000025.jpg,pleated,black,plain,lace,maxi,14.4355345,25.953585
499,Voyager_Maxi_Skirt/img_00000001.jpg,straight,brown,floral,general,maxi,18.41372,21.25036
500,Voyager_Maxi_Skirt/img_00000006.jpg,pleated,white,checked,general,maxi,17.178253,24.892242
501,Windowpane_Print_Skater_Skirt/img_00000027.jpg,pleated,blue,plain,general,mini,17.111813,26.915771
502,Woven_Drawstring_Skirt/img_00000034.jpg,pleated,red,plain,general,maxi,17.28517,25.549078
503,Woven_Pencil_Skirt/img_00000007.jpg,straight,black,plain,general,midi,18.310846,20.08139
504,Woven_Pencil_Skirt/img_00000026.jpg,straight,black,tie_dyed,general,midi,18.64452,19.564386
505,Woven_Pencil_Skirt/img_00000034.jpg,straight,black,plain,general,midi,18.129087,19.60199
506,Woven_Pencil_Skirt/img_00000038.jpg,straight,white,geometric,general,midi,19.576826,20.623611
507,Woven_Pencil_Skirt/img_00000062.jpg,straight,white,floral,general,midi,19.139912,20.546968
508,Zigzag_Floral_Print_Skirt/img_00000010.jpg,pleated,orange,striped,general,mini,15.546759,26.950384
509,Zigzag_Floral_Print_Skirt/img_00000029.jpg,straight,blue,geometric,general,midi,19.603306,20.708115
510,Zigzag_Floral_Print_Skirt/img_00000045.jpg,pleated,blue,floral,general,mini,16.14015,24.956491
511,Zip_Paneled_Skirt/img_00000046.jpg,pleated,gray,striped,general,mini,15.625949,26.85954
